<?xml version="1.0" encoding="utf-8"?>
<odoo>
    <record id="group_work_report_user" model="res.groups">
        <field name="name">Work Report User</field>
        <field name="category_id" ref="base.module_category_human_resources"/>
        <field name="implied_ids" eval="[(4, ref('base.group_user'))]"/>
    </record>

    <record id="group_work_report_manager" model="res.groups">
        <field name="name">Work Report Manager</field>
        <field name="category_id" ref="base.module_category_human_resources"/>
        <field name="implied_ids" eval="[(4, ref('group_work_report_user'))]"/>
    </record>
</odoo>
